"","variant","class","Abundance_score","position"
"1","A120A","synonymous",1.003396113,120
"NA",NA,NA,NA,NA
"22","A121A","synonymous",1.126218287,121
"NA.1",NA,NA,NA,NA
"43","A126A","synonymous",0.804940642,126
"NA.2",NA,NA,NA,NA
"82","A137X","nonsense",-0.091642482,137
"84","A148A","synonymous",0.901015355,148
"NA.3",NA,NA,NA,NA
"105","A151A","synonymous",0.818061844,151
"NA.4",NA,NA,NA,NA
"126","A192A","synonymous",0.987921822,192
"NA.5",NA,NA,NA,NA
"NA.6",NA,NA,NA,NA
"NA.7",NA,NA,NA,NA
"206","A333X","nonsense",0.046394141,333
"NA.8",NA,NA,NA,NA
"247","A359X","nonsense",0.510317085,359
"249","A39A","synonymous",0.941829388,39
"268","A39X","nonsense",0.076912618,39
"289","A3X","nonsense",-0.065858218,3
"291","A72A","synonymous",0.777439409,72
"310","A72X","nonsense",0.159670572,72
"312","A79A","synonymous",0.793715117,79
"331","A79X","nonsense",0.181456952,79
"NA.9",NA,NA,NA,NA
"NA.10",NA,NA,NA,NA
"391","C124X","nonsense",-0.009356982,124
"NA.11",NA,NA,NA,NA
"414","C211C","synonymous",0.93567987,211
"432","C211X","nonsense",-0.062168646,211
"435","C218C","synonymous",1.125028971,218
"NA.12",NA,NA,NA,NA
"NA.13",NA,NA,NA,NA
"493","C296X","nonsense",-0.03831599,296
"NA.14",NA,NA,NA,NA
"NA.15",NA,NA,NA,NA
"554","C83X","nonsense",-0.080244876,83
"574","D107X","nonsense",0.01317409,107
"578","D109D","synonymous",1.249491958,109
"NA.16",NA,NA,NA,NA
"615","D115X","nonsense",0.08972243,115
"NA.17",NA,NA,NA,NA
"655","D153X","nonsense",-0.037150007,153
"659","D162D","synonymous",0.857115497,162
"NA.18",NA,NA,NA,NA
"696","D187X","nonsense",0.049193612,187
"NA.19",NA,NA,NA,NA
"720","D22D","synonymous",0.940769578,22
"NA.20",NA,NA,NA,NA
"741","D236D","synonymous",0.732070727,236
"758","D236X","nonsense",-0.004367886,236
"NA.21",NA,NA,NA,NA
"NA.22",NA,NA,NA,NA
"819","D268X","nonsense",0.120230674,268
"NA.23",NA,NA,NA,NA
"NA.24",NA,NA,NA,NA
"NA.25",NA,NA,NA,NA
"NA.26",NA,NA,NA,NA
"NA.27",NA,NA,NA,NA
"940","D326X","nonsense",0.190067821,326
"944","D331D","synonymous",0.842481266,331
"961","D331X","nonsense",0.007715379,331
"NA.28",NA,NA,NA,NA
"985","D371D","synonymous",1.211205786,371
"1002","D371X","nonsense",0.439019263,371
"1022","D375X","nonsense",0.353945456,375
"NA.29",NA,NA,NA,NA
"1063","D384X","nonsense",0.604294051,384
"NA.30",NA,NA,NA,NA
"1103","D393X","nonsense",1.019136698,393
"1123","D395X","nonsense",1.23484028,395
"NA.31",NA,NA,NA,NA
"NA.32",NA,NA,NA,NA
"1183","D58X","nonsense",-0.090223459,58
"1187","D77D","synonymous",1.029101178,77
"1204","D77X","nonsense",0.020667325,77
"1208","D92D","synonymous",0.878085867,92
"1225","D92X","nonsense",0.004819453,92
"1230","E106E","synonymous",0.484870786,106
"NA.33",NA,NA,NA,NA
"1251","E114E","synonymous",0.996014917,114
"1267","E114X","nonsense",-0.051024525,114
"NA.34",NA,NA,NA,NA
"1292","E157E","synonymous",0.608023176,157
"NA.35",NA,NA,NA,NA
"1328","E18X","nonsense",0.086347966,18
"1333","E201E","synonymous",0.998008437,201
"1349","E201X","nonsense",-0.001800675,201
"1354","E235E","synonymous",0.940951517,235
"1370","E235X","nonsense",0.174778059,235
"NA.36",NA,NA,NA,NA
"1410","E256X","nonsense",0.309344031,256
"1430","E284X","nonsense",0.067936995,284
"1450","E285X","nonsense",0.129864317,285
"1455","E288E","synonymous",0.775237126,288
"NA.37",NA,NA,NA,NA
"1491","E291X","nonsense",0.036339651,291
"1512","E299X","nonsense",0.120189824,299
"1532","E307X","nonsense",0.17228228,307
"1537","E314E","synonymous",0.822066337,314
"NA.38",NA,NA,NA,NA
"1573","E352X","nonsense",0.400875957,352
"NA.39",NA,NA,NA,NA
"1613","E358X","nonsense",1.05578817,358
"1634","E373X","nonsense",0.356255315,373
"1654","E388X","nonsense",1.05578817,388
"1659","E390E","synonymous",1.003187767,390
"NA.40",NA,NA,NA,NA
"1680","E394E","synonymous",0.897661675,394
"NA.41",NA,NA,NA,NA
"1716","E40X","nonsense",0.093808847,40
"1721","E43E","synonymous",0.969755126,43
"NA.42",NA,NA,NA,NA
"1742","E73E","synonymous",1.020622651,73
"1758","E73X","nonsense",0.712656493,73
"1778","E7X","nonsense",1.05578817,7
"NA.43",NA,NA,NA,NA
"1818","E99X","nonsense",0.076649309,99
"1838","F104X","nonsense",0.117358567,104
"NA.44",NA,NA,NA,NA
"1864","F154F","synonymous",0.91023343,154
"NA.45",NA,NA,NA,NA
"NA.46",NA,NA,NA,NA
"NA.47",NA,NA,NA,NA
"1925","F206F","synonymous",0.874113468,206
"1940","F206X","nonsense",0.223675231,206
"1960","F215X","nonsense",0.168923395,215
"1966","F21F","synonymous",1.080368691,21
"1981","F21X","nonsense",0.40888273,21
"NA.48",NA,NA,NA,NA
"2021","F241X","nonsense",1.421482922,241
"2027","F243F","synonymous",0.842015647,243
"NA.49",NA,NA,NA,NA
"2048","F257F","synonymous",1.027249648,257
"2063","F257X","nonsense",0.206506821,257
"2083","F258X","nonsense",0.051761351,258
"2103","F271X","nonsense",0.024214951,271
"NA.50",NA,NA,NA,NA
"2144","F278X","nonsense",0.0277436,278
"NA.51",NA,NA,NA,NA
"2184","F337X","nonsense",0.144664507,337
"NA.52",NA,NA,NA,NA
"2224","F347X","nonsense",0.120851904,347
"NA.53",NA,NA,NA,NA
"NA.54",NA,NA,NA,NA
"NA.55",NA,NA,NA,NA
"2304","F81X","nonsense",0.021610223,81
"2324","F90X","nonsense",-0.002767672,90
"2344","G127X","nonsense",0.050877738,127
"2351","G129G","synonymous",0.899298635,129
"2365","G129X","nonsense",0.221720053,129
"NA.56",NA,NA,NA,NA
"2392","G143G","synonymous",1.109827196,143
"NA.57",NA,NA,NA,NA
"2413","G156G","synonymous",1.000127011,156
"NA.58",NA,NA,NA,NA
"2448","G165X","nonsense",-0.023151143,165
"2455","G208G","synonymous",0.840371278,208
"NA.59",NA,NA,NA,NA
"2476","G209G","synonymous",0.883057017,209
"2490","G209X","nonsense",0.013086503,209
"2497","G20G","synonymous",0.978904417,20
"2511","G20X","nonsense",0.731049051,20
"2518","G230G","synonymous",0.96204046,230
"NA.60",NA,NA,NA,NA
"2553","G251X","nonsense",-0.106390278,251
"2574","G282X","nonsense",0.191990699,282
"2594","G293X","nonsense",0.06281415,293
"2601","G36G","synonymous",0.850531188,36
"2615","G36X","nonsense",0.294513224,36
"2622","G44G","synonymous",1.076565507,44
"NA.61",NA,NA,NA,NA
"NA.62",NA,NA,NA,NA
"2676","H123X","nonsense",-0.078139255,123
"2696","H141X","nonsense",0.012306434,141
"NA.63",NA,NA,NA,NA
"2724","H196H","synonymous",0.772200597,196
"2737","H196X","nonsense",0.402900789,196
"NA.64",NA,NA,NA,NA
"NA.65",NA,NA,NA,NA
"NA.66",NA,NA,NA,NA
"NA.67",NA,NA,NA,NA
"2837","H61X","nonsense",0.045611815,61
"NA.68",NA,NA,NA,NA
"NA.69",NA,NA,NA,NA
"2897","H93X","nonsense",-0.067395236,93
"NA.70",NA,NA,NA,NA
"2938","I122X","nonsense",0.058450331,122
"2947","I135I","synonymous",1.107660139,135
"2959","I135X","nonsense",-0.073245442,135
"2979","I168X","nonsense",0.019992181,168
"NA.71",NA,NA,NA,NA
"3008","I224I","synonymous",1.075094249,224
"3020","I224X","nonsense",0.123106496,224
"NA.72",NA,NA,NA,NA
"3049","I280I","synonymous",1.065803968,280
"NA.73",NA,NA,NA,NA
"NA.74",NA,NA,NA,NA
"NA.75",NA,NA,NA,NA
"3121","I303X","nonsense",0.028636178,303
"3130","I306I","synonymous",1.183775252,306
"3142","I306X","nonsense",0.167618341,306
"NA.76",NA,NA,NA,NA
"NA.77",NA,NA,NA,NA
"3202","I400X","nonsense",0.925038217,400
"NA.78",NA,NA,NA,NA
"NA.79",NA,NA,NA,NA
"NA.80",NA,NA,NA,NA
"3272","I67I","synonymous",0.10037882,67
"3284","I67X","nonsense",0.293768005,67
"NA.81",NA,NA,NA,NA
"NA.82",NA,NA,NA,NA
"3335","K125K","synonymous",0.960869662,125
"NA.83",NA,NA,NA,NA
"NA.84",NA,NA,NA,NA
"NA.85",NA,NA,NA,NA
"3406","K144X","nonsense",-0.018886596,144
"NA.86",NA,NA,NA,NA
"3436","K163K","synonymous",1.136047016,163
"3447","K163X","nonsense",-0.107931135,163
"NA.87",NA,NA,NA,NA
"3487","K183X","nonsense",-0.049283865,183
"NA.88",NA,NA,NA,NA
"NA.89",NA,NA,NA,NA
"3537","K223K","synonymous",1.201489254,223
"3548","K223X","nonsense",0.29991253,223
"NA.90",NA,NA,NA,NA
"3578","K254K","synonymous",0.648176094,254
"NA.91",NA,NA,NA,NA
"NA.92",NA,NA,NA,NA
"3630","K263X","nonsense",0.064034786,263
"3651","K266X","nonsense",0.022684361,266
"NA.93",NA,NA,NA,NA
"NA.94",NA,NA,NA,NA
"3701","K289K","synonymous",1.126299416,289
"NA.95",NA,NA,NA,NA
"3732","K313X","nonsense",-0.017295807,313
"3742","K322K","synonymous",1.096043694,322
"3753","K322X","nonsense",0.15056527,322
"NA.96",NA,NA,NA,NA
"3783","K330K","synonymous",1.088186752,330
"3794","K330X","nonsense",0.167843827,330
"3804","K332K","synonymous",1.072573281,332
"NA.97",NA,NA,NA,NA
"NA.98",NA,NA,NA,NA
"3855","K344X","nonsense",0.2320172,344
"3876","K349X","nonsense",0.249046608,349
"NA.99",NA,NA,NA,NA
"3907","K60K","synonymous",1.02984647,60
"NA.100",NA,NA,NA,NA
"3928","K62K","synonymous",0.903529466,62
"3939","K62X","nonsense",-0.00217891,62
"3959","K66X","nonsense",0.012303054,66
"NA.101",NA,NA,NA,NA
"3989","K80K","synonymous",1.135724883,80
"NA.102",NA,NA,NA,NA
"NA.103",NA,NA,NA,NA
"4031","L108L","synonymous",1.127078958,108
"NA.104",NA,NA,NA,NA
"4052","L112L","synonymous",0.793739244,112
"4062","L112X","nonsense",-0.036412911,112
"4073","L139L","synonymous",1.001553212,139
"NA.105",NA,NA,NA,NA
"4094","L140L","synonymous",0.950420323,140
"NA.106",NA,NA,NA,NA
"4115","L146L","synonymous",0.836832804,146
"4125","L146X","nonsense",0.017782046,146
"4136","L152L","synonymous",0.818390735,152
"4146","L152X","nonsense",-0.044419703,152
"4167","L181X","nonsense",0.021940818,181
"4188","L182X","nonsense",0.312994919,182
"NA.107",NA,NA,NA,NA
"NA.108",NA,NA,NA,NA
"4241","L194L","synonymous",1.090960516,194
"NA.109",NA,NA,NA,NA
"4262","L220L","synonymous",0.97888254,220
"NA.110",NA,NA,NA,NA
"4283","L23L","synonymous",0.903354061,23
"4293","L23X","nonsense",1.75157236,23
"NA.111",NA,NA,NA,NA
"4324","L25L","synonymous",0.848879744,25
"4334","L25X","nonsense",0.603017183,25
"4345","L265L","synonymous",1.065274352,265
"4355","L265X","nonsense",0.51965946,265
"4366","L295L","synonymous",1.022631868,295
"4376","L295X","nonsense",0.086812918,295
"4387","L316L","synonymous",1.018495772,316
"4397","L316X","nonsense",0.013572965,316
"4408","L318L","synonymous",1.009869318,318
"4418","L318X","nonsense",0.045628627,318
"4429","L320L","synonymous",1.08502257,320
"NA.112",NA,NA,NA,NA
"4450","L325L","synonymous",0.740247955,325
"4460","L325X","nonsense",0.132550584,325
"4471","L345L","synonymous",0.878387251,345
"4481","L345X","nonsense",0.575647761,345
"NA.113",NA,NA,NA,NA
"4512","L57L","synonymous",1.071535521,57
"NA.114",NA,NA,NA,NA
"NA.115",NA,NA,NA,NA
"4553","L98L","synonymous",0.955761219,98
"4563","L98X","nonsense",0.02312643,98
"4583","M134X","nonsense",0.026883913,134
"NA.116",NA,NA,NA,NA
"NA.117",NA,NA,NA,NA
"4644","M205X","nonsense",0.178312913,205
"NA.118",NA,NA,NA,NA
"NA.119",NA,NA,NA,NA
"4704","M270X","nonsense",0.07191892,270
"4724","M35X","nonsense",0.118961332,35
"NA.120",NA,NA,NA,NA
"4757","N12N","synonymous",1.241432067,12
"4765","N12X","nonsense",0.414247551,12
"4785","N184X","nonsense",0.005724672,184
"4805","N212X","nonsense",0.328033946,212
"4825","N228X","nonsense",0.162735217,228
"4838","N262N","synonymous",1.059759762,262
"NA.121",NA,NA,NA,NA
"4866","N276X","nonsense",0.276552041,276
"NA.122",NA,NA,NA,NA
"NA.123",NA,NA,NA,NA
"4926","N31X","nonsense",0.023642874,31
"4946","N323X","nonsense",0.251448388,323
"4966","N329X","nonsense",0.213434966,329
"4986","N334X","nonsense",0.461493286,334
"NA.124",NA,NA,NA,NA
"NA.125",NA,NA,NA,NA
"5046","N372X","nonsense",0.465461381,372
"NA.126",NA,NA,NA,NA
"NA.127",NA,NA,NA,NA
"5106","N49X","nonsense",-0.039385992,49
"5126","N63X","nonsense",0.13937629,63
"5146","N69X","nonsense",-0.034450339,69
"5166","N82X","nonsense",-0.077729268,82
"5179","N94N","synonymous",1.036750805,94
"5187","N94X","nonsense",-0.063119384,94
"5201","P103P","synonymous",0.898605091,103
"5208","P103X","nonsense",-0.065299311,103
"5229","P169X","nonsense",-0.022772742,169
"5249","P190X","nonsense",-0.063930076,190
"NA.128",NA,NA,NA,NA
"5283","P213P","synonymous",1.169819838,213
"NA.129",NA,NA,NA,NA
"5304","P231P","synonymous",1.180583966,231
"5311","P231X","nonsense",0.327339293,231
"5331","P244X","nonsense",0.115816592,244
"NA.130",NA,NA,NA,NA
"NA.131",NA,NA,NA,NA
"5386","P281P","synonymous",0.779120809,281
"5393","P281X","nonsense",0.006176134,281
"NA.132",NA,NA,NA,NA
"5427","P30P","synonymous",0.855345501,30
"5434","P30X","nonsense",-0.096318924,30
"5455","P339X","nonsense",0.273539873,339
"5469","P354P","synonymous",0.958825311,354
"NA.133",NA,NA,NA,NA
"NA.134",NA,NA,NA,NA
"5510","P367P","synonymous",0.827513713,367
"NA.135",NA,NA,NA,NA
"NA.136",NA,NA,NA,NA
"5551","P387P","synonymous",0.643386418,387
"5558","P387X","nonsense",0.584054064,387
"5572","P38P","synonymous",1.192444996,38
"5579","P38X","nonsense",0.034686025,38
"NA.137",NA,NA,NA,NA
"5613","P89P","synonymous",1.165080105,89
"NA.138",NA,NA,NA,NA
"5634","P95P","synonymous",0.726520782,95
"5641","P95X","nonsense",0.216842336,95
"NA.139",NA,NA,NA,NA
"5682","Q110X","nonsense",-0.020049922,110
"5697","Q149Q","synonymous",1.018721981,149
"NA.140",NA,NA,NA,NA
"NA.141",NA,NA,NA,NA
"5738","Q17Q","synonymous",0.732000898,17
"5744","Q17X","nonsense",0.190969528,17
"5764","Q214X","nonsense",-0.106390278,214
"NA.142",NA,NA,NA,NA
"NA.143",NA,NA,NA,NA
"NA.144",NA,NA,NA,NA
"5839","Q298Q","synonymous",1.010553113,298
"NA.145",NA,NA,NA,NA
"5865","Q396X","nonsense",0.088296165,396
"5880","Q399Q","synonymous",0.824997652,399
"NA.146",NA,NA,NA,NA
"5901","Q87Q","synonymous",0.804642337,87
"NA.147",NA,NA,NA,NA
"5927","Q97X","nonsense",-0.065858218,97
"5943","R11R","synonymous",0.935881713,11
"5948","R11X","nonsense",0.68184462,11
"5964","R130R","synonymous",0.902038225,130
"NA.148",NA,NA,NA,NA
"5985","R142R","synonymous",1.042577036,142
"NA.149",NA,NA,NA,NA
"6006","R14R","synonymous",1.155215335,14
"6011","R14X","nonsense",0.599632495,14
"6032","R159X","nonsense",0.186785752,159
"6048","R15R","synonymous",0.934203833,15
"6053","R15X","nonsense",0.570876879,15
"6069","R161R","synonymous",1.029013482,161
"NA.150",NA,NA,NA,NA
"6090","R172R","synonymous",1.226111623,172
"NA.151",NA,NA,NA,NA
"6116","R173X","nonsense",-0.090904162,173
"6132","R189R","synonymous",0.849605726,189
"NA.152",NA,NA,NA,NA
"6153","R233R","synonymous",0.953665715,233
"6158","R233X","nonsense",0.273214547,233
"6174","R234R","synonymous",0.678446263,234
"NA.153",NA,NA,NA,NA
"6195","R308R","synonymous",0.910210429,308
"6200","R308X","nonsense",0.234453598,308
"NA.154",NA,NA,NA,NA
"6236","R378R","synonymous",0.995416338,378
"6241","R378X","nonsense",0.397876011,378
"6262","R41X","nonsense",-0.133819991,41
"6278","R47R","synonymous",0.990908207,47
"NA.155",NA,NA,NA,NA
"6299","R55R","synonymous",1.084055779,55
"NA.156",NA,NA,NA,NA
"6320","R74R","synonymous",1.161581735,74
"NA.157",NA,NA,NA,NA
"NA.158",NA,NA,NA,NA
"NA.159",NA,NA,NA,NA
"NA.160",NA,NA,NA,NA
"6405","S170X","nonsense",0.069193776,170
"6422","S179S","synonymous",0.801771917,179
"NA.161",NA,NA,NA,NA
"NA.162",NA,NA,NA,NA
"6463","S226S","synonymous",0.96089648,226
"6467","S226X","nonsense",-0.025812502,226
"6484","S227S","synonymous",1.025404295,227
"NA.163",NA,NA,NA,NA
"6505","S229S","synonymous",1.054902729,229
"6509","S229X","nonsense",0.031064473,229
"6526","S287S","synonymous",0.922401929,287
"6530","S287X","nonsense",0.191716413,287
"6547","S294S","synonymous",0.926449388,294
"6551","S294X","nonsense",-0.03251469,294
"6568","S302S","synonymous",0.903487757,302
"6572","S302X","nonsense",0.025024369,302
"NA.164",NA,NA,NA,NA
"NA.165",NA,NA,NA,NA
"6629","S355S","synonymous",1.030417806,355
"NA.166",NA,NA,NA,NA
"6650","S360S","synonymous",1.036371439,360
"NA.167",NA,NA,NA,NA
"6671","S361S","synonymous",1.039064093,361
"NA.168",NA,NA,NA,NA
"NA.169",NA,NA,NA,NA
"NA.170",NA,NA,NA,NA
"6732","S370S","synonymous",0.850754224,370
"NA.171",NA,NA,NA,NA
"NA.172",NA,NA,NA,NA
"6773","S385S","synonymous",0.971496639,385
"6777","S385X","nonsense",0.470635051,385
"6794","S59S","synonymous",0.850006028,59
"6798","S59X","nonsense",0.123689475,59
"6818","T131X","nonsense",-0.085692128,131
"6836","T160T","synonymous",1.084146751,160
"6839","T160X","nonsense",-0.004479953,160
"6860","T167X","nonsense",0.040433176,167
"6878","T202T","synonymous",0.847503735,202
"NA.173",NA,NA,NA,NA
"6902","T210X","nonsense",0.154432991,210
"NA.174",NA,NA,NA,NA
"6940","T26T","synonymous",1.153026399,26
"6943","T26X","nonsense",0.515240954,26
"6963","T277X","nonsense",-0.010498123,277
"NA.175",NA,NA,NA,NA
"7001","T2T","synonymous",0.91539054,2
"NA.176",NA,NA,NA,NA
"7022","T319T","synonymous",1.032088392,319
"7025","T319X","nonsense",0.0542701,319
"7043","T321T","synonymous",0.790519562,321
"NA.177",NA,NA,NA,NA
"NA.178",NA,NA,NA,NA
"NA.179",NA,NA,NA,NA
"7104","T363T","synonymous",0.785454399,363
"7107","T363X","nonsense",0.457907176,363
"7125","T366T","synonymous",1.076696135,366
"NA.180",NA,NA,NA,NA
"NA.181",NA,NA,NA,NA
"7168","T383X","nonsense",0.433739018,383
"NA.182",NA,NA,NA,NA
"7206","T401T","synonymous",0.850679546,401
"NA.183",NA,NA,NA,NA
"NA.184",NA,NA,NA,NA
"7248","V119V","synonymous",0.76229266,119
"NA.185",NA,NA,NA,NA
"7270","V133X","nonsense",-0.086124248,133
"7289","V158V","synonymous",1.145036481,158
"7291","V158X","nonsense",-0.12677963,158
"7310","V166V","synonymous",0.897111028,166
"7312","V166X","nonsense",-0.015708145,166
"7331","V175V","synonymous",1.117259898,175
"7333","V175X","nonsense",0.006044919,175
"7354","V191X","nonsense",-0.014794789,191
"7373","V216V","synonymous",0.801725384,216
"NA.186",NA,NA,NA,NA
"7394","V217V","synonymous",0.963545765,217
"7396","V217X","nonsense",0.005810243,217
"7415","V222V","synonymous",0.929801684,222
"7417","V222X","nonsense",-0.026627174,222
"7438","V249X","nonsense",0.011454023,249
"7457","V255V","synonymous",0.980658858,255
"NA.187",NA,NA,NA,NA
"7478","V275V","synonymous",0.864118753,275
"NA.188",NA,NA,NA,NA
"NA.189",NA,NA,NA,NA
"NA.190",NA,NA,NA,NA
"7539","V343V","synonymous",0.899927197,343
"7541","V343X","nonsense",0.386967376,343
"7562","V351X","nonsense",0.560676372,351
"7581","V365V","synonymous",1.078303891,365
"7583","V365X","nonsense",0.430412121,365
"7602","V369V","synonymous",0.970589391,369
"7604","V369X","nonsense",0.365476218,369
"7623","V403V","synonymous",0.61346521,403
"NA.191",NA,NA,NA,NA
"7644","V45V","synonymous",0.863306764,45
"7646","V45X","nonsense",0.173116603,45
"7665","V53V","synonymous",0.883718583,53
"7667","V53X","nonsense",-0.107268386,53
"7686","V54V","synonymous",1.045385058,54
"7688","V54X","nonsense",-0.066120585,54
"7707","V85V","synonymous",1.028051711,85
"NA.192",NA,NA,NA,NA
"7728","V9V","synonymous",1.190417797,9
"7730","V9X","nonsense",0.960873114,9
"7750","W111X","nonsense",-0.083260862,111
"7770","W274X","nonsense",0.049639172,274
"NA.193",NA,NA,NA,NA
"7813","Y155X","nonsense",0.293423529,155
"7833","Y16X","nonsense",0.376061964,16
"NA.194",NA,NA,NA,NA
"7873","Y176X","nonsense",0.32596446,176
"7893","Y177X","nonsense",0.243260865,177
"7913","Y178X","nonsense",-0.016090837,178
"7933","Y180X","nonsense",0.022813389,180
"7953","Y188X","nonsense",-0.051127128,188
"NA.195",NA,NA,NA,NA
"NA.196",NA,NA,NA,NA
"NA.197",NA,NA,NA,NA
"8033","Y29X","nonsense",0.156400892,29
"NA.198",NA,NA,NA,NA
"8073","Y336X","nonsense",0.106999618,336
"8074","Y336Y","synonymous",0.868386553,336
"8094","Y346X","nonsense",-0.065858218,346
"8114","Y377X","nonsense",0.064476057,377
"NA.199",NA,NA,NA,NA
"8154","Y46X","nonsense",-0.007870858,46
"8175","Y65X","nonsense",0.265743066,65
"8176","Y65Y","synonymous",1.051477162,65
"8196","Y68X","nonsense",-0.012594858,68
"8216","Y76X","nonsense",0.039645057,76
"NA.200",NA,NA,NA,NA
